{
        "name":"demo1",
        "layoutDir":"/layout/demo1",
        "direction": "ltr",
        "modeSwitchEnabled": true,
        "modeDefault": "light",
        "assetsDir": "/assets/",
        "iconType": "duotone",
        "assets": {
            "favicon": "media/logos/favicon.ico",
            "fonts": [
                "https://fonts.googleapis.com/css?family=Inter:300,400,500,600,700"
            ],
            "css" : [
                "plugins/global/plugins.bundle.css",
                "css/style.bundle.css"
            ],
            "js" : [
                "plugins/global/plugins.bundle.js",
                "js/scripts.bundle.js"
            ]
        },      
        "vendors": {
            "datatables": {
                "css": [
                    "plugins/custom/datatables/datatables.bundle.css"
                ],
                "js": [
                    "plugins/custom/datatables/datatables.bundle.js"
                ]
            },
            "formrepeater": {
                "js": [
                    "plugins/custom/formrepeater/formrepeater.bundle.js"
                ]
            },
            "fullcalendar": {
                "css": [
                    "plugins/custom/fullcalendar/fullcalendar.bundle.css"
                ],
                "js": [
                    "plugins/custom/fullcalendar/fullcalendar.bundle.js"
                ]
            },
            "flotcharts": {
                "js": [
                    "plugins/custom/flotcharts/flotcharts.bundle.js"
                ]
            },
            "google-jsapi": {
                "js": [
                    "//www.google.com/jsapi"
                ]
            },
            "tinymce": {
                "js": [
                    "plugins/custom/tinymce/tinymce.bundle.js"
                ]
            },
            "ckeditor-classic": {
                "js": [
                    "plugins/custom/ckeditor/ckeditor-classic.bundle.js"
                ]
            },
            "ckeditor-inline": {
                "js": [
                    "plugins/custom/ckeditor/ckeditor-inline.bundle.js"
                ]
            },
            "ckeditor-balloon": {
                "js": [
                    "plugins/custom/ckeditor/ckeditor-balloon.bundle.js"
                ]
            },
            "ckeditor-balloon-block": {
                "js": [
                    "plugins/custom/ckeditor/ckeditor-balloon-block.bundle.js"
                ]
            },
            "ckeditor-document": {
                "js": [
                    "plugins/custom/ckeditor/ckeditor-document.bundle.js"
                ]
            },
            "draggable": {
                "js": [
                    "plugins/custom/draggable/draggable.bundle.js"
                ]
            },
            "fslightbox": {
                "js": [
                    "plugins/custom/fslightbox/fslightbox.bundle.js"
                ]
            },
            "jkanban": {
                "css": [
                    "plugins/custom/jkanban/jkanban.bundle.css"
                ],
                "js": [
                    "plugins/custom/jkanban/jkanban.bundle.js"
                ]
            },
            "typedjs": {
                "js": [
                    "plugins/custom/typedjs/typedjs.bundle.js"
                ]
            },
            "cookiealert": {
                "css": [
                    "plugins/custom/cookiealert/cookiealert.bundle.css"
                ],
                "js": [
                    "plugins/custom/cookiealert/cookiealert.bundle.js"
                ]
            },
            "cropper": {
                "css": [
                    "plugins/custom/cropper/cropper.bundle.css"
                ],
                "js": [
                    "plugins/custom/cropper/cropper.bundle.js"
                ]
            },
            "vis-timeline": {
                "css": [
                    "plugins/custom/vis-timeline/vis-timeline.bundle.css"
                ],
                "js": [
                    "plugins/custom/vis-timeline/vis-timeline.bundle.js"
                ]
            },
            "jstree": {
                "css": [
                    "plugins/custom/jstree/jstree.bundle.css"
                ],
                "js": [
                    "plugins/custom/jstree/jstree.bundle.js"
                ]
            },
            "prismjs": {
                "css": [
                    "plugins/custom/prismjs/prismjs.bundle.css"
                ],
                "js": [
                    "plugins/custom/prismjs/prismjs.bundle.js"
                ]
            },
            "leaflet": {
                "css": [
                    "plugins/custom/leaflet/leaflet.bundle.css"
                ],
                "js": [
                    "plugins/custom/leaflet/leaflet.bundle.js"
                ]
            },
            "amcharts": {
                "js": [
                    "https://cdn.amcharts.com/lib/5/index.js",
                    "https://cdn.amcharts.com/lib/5/xy.js",
                    "https://cdn.amcharts.com/lib/5/percent.js",
                    "https://cdn.amcharts.com/lib/5/radar.js",
                    "https://cdn.amcharts.com/lib/5/themes/Animated.js"
                ]
            },
            "amcharts-maps": {
                "js": [
                    "https://cdn.amcharts.com/lib/5/index.js",
                    "https://cdn.amcharts.com/lib/5/map.js",
                    "https://cdn.amcharts.com/lib/5/geodata/worldLow.js",
                    "https://cdn.amcharts.com/lib/5/geodata/continentsLow.js",
                    "https://cdn.amcharts.com/lib/5/geodata/usaLow.js",
                    "https://cdn.amcharts.com/lib/5/geodata/worldTimeZonesLow.js",
                    "https://cdn.amcharts.com/lib/5/geodata/worldTimeZoneAreasLow.js",
                    "https://cdn.amcharts.com/lib/5/themes/Animated.js"
                ]
            },
            "amcharts-stock": {
                "js": [
                    "https://cdn.amcharts.com/lib/5/index.js",
                    "https://cdn.amcharts.com/lib/5/xy.js",
                    "https://cdn.amcharts.com/lib/5/themes/Animated.js"
                ]
            },
            "bootstrap-select": {
                "css": [
                    "plugins/custom/bootstrap-select/bootstrap-select.bundle.css"
                ],
                "js": [
                    "plugins/custom/bootstrap-select/bootstrap-select.bundle.js"
                ]
            }
        }
}